date,split,actual,Pure_CNN_BiLSTM_Attn,Hybrid_Anchor_Residual,MoE_Gated_Hybrid,Latent_Physical_Regularization,WeatherCalib_PreNet,PHYS_only,Persistence_D1
2024-06-13,MAIN_TEST,34.148,46.83184,40.88837,39.537834,39.13126,41.221565,41.283546,34.148
2024-06-14,MAIN_TEST,61.45901,59.37747,67.60353,58.60957,56.653584,57.23522,58.280735,34.148
2024-06-15,MAIN_TEST,61.430008,62.120148,64.28884,65.52392,62.11756,61.21957,52.892624,61.45901
2024-06-16,MAIN_TEST,54.48199,58.822113,60.385265,59.31041,56.251476,58.427658,49.391766,61.430008
2024-06-17,MAIN_TEST,57.701004,57.52236,57.827183,57.873215,54.05012,55.689503,46.9222,54.48199
2024-06-18,MAIN_TEST,57.533997,58.150005,56.43057,60.17405,56.095127,57.041466,46.13461,57.701004
2024-06-19,MAIN_TEST,56.889004,57.812767,54.464294,59.192787,56.768917,56.684082,46.13087,57.533997
2024-06-20,MAIN_TEST,56.807,57.71962,56.37068,58.968407,56.989956,56.478676,47.914944,56.889004
2024-06-21,MAIN_TEST,55.73799,56.936752,58.88656,58.068016,55.61975,54.79593,47.207516,56.807
2024-06-22,MAIN_TEST,54.766003,56.566833,57.334885,57.590576,55.04749,54.652893,46.56496,55.73799
2024-06-24,MAIN_TEST,57.022015,56.965546,54.146595,58.36112,52.882935,53.368412,47.30775,54.766003
2024-06-25,MAIN_TEST,50.62901,56.155216,54.034557,56.176895,52.60314,53.901825,45.90785,57.022015
2024-06-26,MAIN_TEST,49.881004,54.565628,49.572807,54.29566,50.11785,51.275135,43.845203,50.62901
2024-06-27,MAIN_TEST,56.122,57.371056,56.80438,59.738487,53.901615,54.961872,49.7414,49.881004
2024-06-28,MAIN_TEST,58.59099,59.188152,60.7647,61.140827,55.826912,57.69317,53.34483,56.122
2024-06-29,MAIN_TEST,58.024994,57.440376,59.288025,58.386826,53.077408,55.46467,49.249733,58.59099
2024-06-30,MAIN_TEST,56.625,57.439957,55.33762,59.215492,55.7755,56.12271,47.238533,58.024994
2024-07-01,MAIN_TEST,57.440014,57.62724,57.561832,60.617294,57.334522,56.43284,49.573017,56.625
2024-07-03,MAIN_TEST,59.809998,57.775227,65.7431,60.11466,54.32881,54.476673,54.451984,57.440014
2024-07-04,MAIN_TEST,57.555996,57.706825,63.19818,60.767204,53.88578,54.486065,52.06704,59.809998
2024-07-05,MAIN_TEST,58.57599,58.35776,61.095207,60.607925,56.65661,57.910328,51.28654,57.555996
2024-07-06,MAIN_TEST,57.794006,58.52022,57.084854,61.058304,58.41244,57.701508,48.71797,58.57599
2024-07-07,MAIN_TEST,57.328987,58.799694,58.414597,61.381023,58.625782,57.82247,50.980232,57.794006
2024-07-08,MAIN_TEST,56.512012,57.55683,56.381405,58.78103,56.77652,56.660347,49.04556,57.328987
2024-07-09,MAIN_TEST,48.09501,55.75217,54.05923,54.836494,51.358208,52.693253,46.0519,56.512012
2024-07-10,MAIN_TEST,52.321003,54.752045,54.453556,53.826973,50.447166,51.919502,46.186134,48.09501
2024-07-11,MAIN_TEST,52.261997,55.484272,54.149696,55.77179,51.427334,52.762016,45.843506,52.321003
2024-07-12,MAIN_TEST,55.826992,55.78414,54.547375,57.06231,51.85178,54.397923,46.857147,52.261997
2024-07-13,MAIN_TEST,55.706997,56.71371,57.09244,60.037537,56.10207,55.647865,46.485756,55.826992
2024-07-14,MAIN_TEST,55.115013,56.28911,56.174625,58.83883,54.60313,55.139366,46.74656,55.706997
2024-07-15,MAIN_TEST,55.895996,56.111763,52.491356,59.64373,55.26068,56.358837,45.53078,55.115013
2024-07-16,MAIN_TEST,54.788,56.10825,55.03263,58.92077,55.036827,54.40857,45.542313,55.895996
2024-07-17,MAIN_TEST,55.283005,56.10956,55.3571,58.745262,54.159615,54.134735,46.031876,54.788
2024-07-18,MAIN_TEST,48.531998,55.95259,54.48575,59.183792,53.224163,53.389442,44.83052,55.283005
2024-07-19,MAIN_TEST,49.239002,55.476166,56.408882,57.878975,52.108566,52.728546,46.423676,48.531998
2024-07-20,MAIN_TEST,55.22799,55.465584,56.368683,59.164173,54.13492,53.00344,44.300842,49.239002
2024-07-21,MAIN_TEST,55.831,56.82384,57.53545,61.104652,54.557228,54.872017,48.155483,55.22799
2024-07-22,MAIN_TEST,57.219006,57.391098,59.423492,60.731102,55.69007,56.20192,50.084232,55.831
2024-07-23,MAIN_TEST,55.69699,56.477497,56.07071,59.50243,53.050674,54.038177,45.652203,57.219006
2024-07-24,MAIN_TEST,48.787003,56.80664,57.22131,60.20311,53.804943,54.42186,48.86356,55.69699
2024-07-27,MAIN_TEST,55.456,56.500633,57.677357,59.687527,55.814827,55.15894,46.953503,48.787003
2024-07-30,MAIN_TEST,52.479996,56.966015,58.937237,59.79794,53.86898,55.577408,49.129726,55.456
2024-08-05,MAIN_TEST,41.622,55.827156,57.20396,57.550903,52.246582,53.918816,48.153824,52.479996
2024-08-06,MAIN_TEST,55.442,55.14445,57.766987,57.502563,51.686127,53.88515,48.628067,41.622
2024-08-07,MAIN_TEST,55.63201,55.238823,56.39859,57.947895,51.473877,54.32219,46.607174,55.442
2024-08-08,MAIN_TEST,55.639004,54.736336,55.27898,57.338844,51.844334,54.659447,46.767006,55.63201
2024-08-09,MAIN_TEST,56.57199,56.713108,59.206493,59.477036,53.256573,56.08402,50.814487,55.639004
2024-08-10,MAIN_TEST,54.585,54.31227,56.760048,54.287086,49.927994,52.481537,45.753384,56.57199
2024-08-11,MAIN_TEST,55.777992,54.99241,57.55985,57.86106,52.53013,54.41914,47.155125,54.585
2024-08-12,MAIN_TEST,54.133003,55.116375,54.07525,58.10621,54.3557,54.720844,45.892933,55.777992
2024-08-13,MAIN_TEST,56.060997,55.16882,54.307735,58.00269,54.197342,54.418003,46.58067,54.133003
2024-08-14,MAIN_TEST,55.047997,54.4876,52.634884,56.86387,53.706795,53.72065,45.090942,56.060997
2024-08-15,MAIN_TEST,56.375004,54.12906,51.15836,56.19347,53.232723,52.979668,44.906693,55.047997
2024-08-16,MAIN_TEST,55.111,54.28585,52.95536,56.262337,53.37326,52.99739,45.519855,56.375004
2024-08-17,MAIN_TEST,55.750008,54.893467,53.279602,57.27643,54.20316,53.543453,47.074245,55.111
2024-08-18,MAIN_TEST,50.672997,52.075123,40.04533,53.016235,46.690834,47.624992,46.157253,55.750008
2024-08-20,MAIN_TEST,37.341003,48.23074,35.828148,51.73555,40.78836,40.394836,40.369713,50.672997
2024-08-21,MAIN_TEST,58.24101,53.71079,57.01756,57.220863,52.297565,52.44976,46.743607,37.341003
2024-08-22,MAIN_TEST,57.808,54.054634,54.694756,56.985424,54.101303,53.91769,44.69684,58.24101
2024-08-23,MAIN_TEST,57.242996,53.814247,54.204765,56.497025,53.82528,53.53089,44.182957,57.808
2024-08-24,MAIN_TEST,46.868996,53.841095,54.071125,56.199665,53.2751,53.01767,45.02786,57.242996
2024-08-25,MAIN_TEST,54.81301,52.782284,51.8508,55.113644,52.63547,52.11235,44.799862,46.868996
2024-08-26,MAIN_TEST,39.034004,51.539062,45.711945,54.031948,47.38925,47.065575,42.33958,54.81301
2024-08-27,MAIN_TEST,56.387016,53.11884,55.618725,54.65763,50.04181,50.035336,44.8933,39.034004
2024-08-28,MAIN_TEST,56.378998,54.127323,53.76667,58.751778,53.181713,53.36933,44.647995,56.387016
2024-08-29,MAIN_TEST,49.494,54.003468,54.751328,59.57907,50.069893,49.7793,42.89726,56.378998
2024-08-30,MAIN_TEST,54.563004,54.4142,53.850304,59.752174,51.673916,51.676178,45.520336,49.494
2024-08-31,MAIN_TEST,57.237995,53.80847,54.933567,58.687927,53.046192,53.018482,45.355183,54.563004
2024-09-01,MAIN_TEST,57.492004,52.672504,53.26353,56.13698,53.357666,52.784206,47.062084,57.237995
2024-09-02,MAIN_TEST,54.48199,51.507553,48.520874,55.45253,53.083523,52.249363,46.067146,57.492004
2024-09-03,MAIN_TEST,47.186005,47.63468,51.99828,48.83786,48.08824,46.932003,44.132847,54.48199
2024-09-04,MAIN_TEST,57.279,51.89696,58.365063,54.659126,51.45853,51.736443,48.64436,47.186005
2024-09-05,MAIN_TEST,44.733,51.950638,53.980656,54.862534,54.027237,52.209476,46.588108,57.279
2024-09-06,MAIN_TEST,49.555,41.130493,38.705063,43.006393,44.644264,40.718746,37.843906,44.733
2024-09-07,MAIN_TEST,48.892998,54.559822,59.40664,58.40857,57.03723,54.352875,49.386837,49.555
2024-09-08,MAIN_TEST,56.898003,54.15738,60.03438,58.375977,55.078552,53.42191,47.189823,48.892998
2024-09-09,MAIN_TEST,26.819998,28.399023,19.049984,24.350515,30.737965,25.44053,33.689587,56.898003
2024-09-10,MAIN_TEST,26.063,22.490742,19.384975,20.41416,19.941772,16.26914,30.012192,26.819998
2024-09-11,MAIN_TEST,60.101997,50.649063,54.553097,54.51213,51.663395,49.10753,44.563435,26.063
2024-09-12,MAIN_TEST,51.355995,50.88484,55.66264,53.59513,52.245567,49.67505,44.98393,60.101997
2024-09-13,MAIN_TEST,31.201998,26.334753,24.877857,25.40197,28.266413,23.244423,37.211403,51.355995
2024-09-14,MAIN_TEST,50.291,45.1435,46.068176,44.61343,43.5913,42.00964,45.141323,31.201998
2024-09-15,MAIN_TEST,50.569,37.416435,39.13544,35.724285,37.216263,32.6088,41.17381,50.291
2024-09-16,MAIN_TEST,42.411,50.065826,51.691967,53.190548,52.814144,48.65821,48.815567,50.569
2024-09-17,MAIN_TEST,9.7630005,20.9307,23.045511,19.422382,16.04413,13.461145,24.187283,42.411
2024-09-18,MAIN_TEST,49.089,49.340897,43.347977,52.838104,44.35675,44.526127,41.994576,9.7630005
2024-09-19,MAIN_TEST,27.684,34.544758,28.520927,34.551685,32.287758,29.808853,38.126915,49.089
2024-09-20,MAIN_TEST,35.252003,39.34759,38.077583,43.49839,36.502773,36.870068,38.23338,27.684
2024-09-21,MAIN_TEST,58.161995,53.370045,56.135025,59.031925,51.727043,53.560715,45.27096,35.252003
2024-09-22,MAIN_TEST,53.947998,55.463997,55.695236,59.455395,54.403152,53.966892,44.44246,58.161995
2024-09-23,MAIN_TEST,49.156006,55.578514,57.18548,60.266838,55.315758,55.299194,45.377018,53.947998
2024-09-24,MAIN_TEST,21.515999,37.169415,45.820778,40.022446,37.76814,37.089962,39.170277,49.156006
2024-09-25,MAIN_TEST,18.928005,45.669796,46.914307,50.98651,42.94561,43.720177,36.434837,21.515999
2024-09-26,MAIN_TEST,55.069996,53.23549,54.373123,56.077965,52.665188,53.43421,44.53545,18.928005
2024-09-27,MAIN_TEST,56.31001,55.088528,56.517498,56.986862,55.71381,55.870743,45.734417,55.069996
2024-09-28,MAIN_TEST,55.639004,54.415836,55.119133,55.81069,53.904415,54.243923,44.95055,56.31001
2024-09-29,MAIN_TEST,53.211006,56.028816,55.305904,62.368965,47.192474,46.792717,50.296562,55.639004
2024-09-30,MAIN_TEST,59.674995,59.515125,59.24311,62.201218,56.901016,58.468307,50.38712,53.211006
2024-10-01,MAIN_TEST,59.377007,57.842136,62.63514,62.046535,59.675865,57.797485,53.126328,59.674995
2024-10-02,MAIN_TEST,56.751015,57.195526,62.511215,61.028114,59.501247,57.177185,52.186214,59.377007
2024-10-03,MAIN_TEST,18.078001,20.008099,28.509766,20.613749,18.046494,15.789826,30.903423,56.751015
2024-10-04,MAIN_TEST,22.350998,20.658974,29.875526,21.27657,17.349764,14.901125,29.306236,18.078001
2024-10-17,MAIN_TEST,42.903,42.860397,40.75457,51.581467,42.47784,42.138638,39.04927,22.350998
2024-10-18,MAIN_TEST,39.393,40.17103,38.983315,49.73146,40.47359,39.462864,37.455784,42.903
2024-10-19,MAIN_TEST,13.991999,17.468351,18.472668,16.743917,18.532299,16.009901,19.887976,39.393
2024-10-20,MAIN_TEST,20.807999,36.714943,36.811188,44.236794,37.115433,34.162693,33.787807,13.991999
2024-10-21,MAIN_TEST,41.234,45.71182,43.847763,51.901733,46.138363,45.608284,42.02525,20.807999
2024-10-22,MAIN_TEST,51.210003,48.322567,50.03592,52.503204,48.683697,49.144455,44.008415,41.234
2024-10-23,MAIN_TEST,52.844997,49.411266,51.62135,54.284157,50.449028,47.975048,42.313564,51.210003
2024-10-24,MAIN_TEST,52.037994,49.13224,46.757145,52.59539,50.46088,49.78785,42.796616,52.844997
2024-10-25,MAIN_TEST,47.016003,47.72628,44.93146,52.219254,49.32562,47.607582,40.7064,52.037994
2024-10-26,MAIN_TEST,48.191,48.832676,48.334057,52.531113,50.972393,48.79656,40.313534,47.016003
2024-10-27,MAIN_TEST,47.331,48.497044,48.69378,52.45498,50.93895,48.58101,41.03384,48.191
2024-10-28,MAIN_TEST,48.823006,47.747128,50.31874,52.184483,49.91532,48.401863,40.78728,47.331
2024-10-29,MAIN_TEST,48.181,43.2474,46.85219,49.548416,45.11418,44.23767,36.659225,48.823006
2024-10-30,MAIN_TEST,47.159004,43.148693,46.529495,50.03277,43.970657,43.282997,36.515717,48.181
2024-10-31,MAIN_TEST,46.627995,45.00727,47.86102,50.230877,45.936882,42.94844,37.539684,47.159004
2024-11-01,MAIN_TEST,48.13801,45.403202,53.27026,50.176796,47.1858,46.02971,43.70063,46.627995
2024-11-02,MAIN_TEST,46.455,44.989056,53.97486,50.54689,45.147087,42.15026,42.142807,48.13801
2024-11-03,MAIN_TEST,47.349003,41.58373,52.059017,47.346962,42.527977,41.549843,41.2393,46.455
2024-11-04,MAIN_TEST,41.052998,39.296112,45.9093,45.678177,39.532024,37.873783,37.918777,47.349003
2024-11-05,MAIN_TEST,46.072,47.54703,52.507095,50.32956,48.231186,46.28801,42.133022,41.052998
2024-11-06,MAIN_TEST,47.044,45.97339,51.115498,49.60743,45.912315,43.93289,41.206158,46.072
2024-11-07,MAIN_TEST,48.642998,47.0671,52.44,50.452644,46.89017,44.446312,41.026466,47.044
2024-11-08,MAIN_TEST,49.007004,46.750008,51.89228,50.353985,46.099068,43.421585,41.381504,48.642998
2024-11-09,MAIN_TEST,49.186996,46.636192,51.410988,49.709846,46.371307,43.655037,39.950176,49.007004
2024-11-10,MAIN_TEST,46.339996,45.571915,49.663803,49.353355,45.93358,43.580544,41.20316,49.186996
2024-11-11,MAIN_TEST,35.280994,18.440208,24.009863,21.448269,21.415606,20.315529,31.907835,46.339996
2024-11-12,MAIN_TEST,8.544001,8.914835,11.519387,7.5709157,9.778791,7.640385,14.164047,35.280994
2024-11-13,MAIN_TEST,10.503,10.799911,15.564458,9.903108,11.294291,9.049834,16.457159,8.544001
2024-11-14,MAIN_TEST,13.066002,11.102956,13.834834,10.598683,12.339365,9.63424,17.220621,10.503
2024-11-15,MAIN_TEST,10.206002,14.108517,14.333929,14.514959,15.248733,12.025892,22.97658,13.066002
2024-11-16,MAIN_TEST,45.018997,38.002647,41.10573,44.504875,35.64239,33.934994,32.093067,10.206002
2024-11-17,MAIN_TEST,33.696,23.297245,29.016829,27.548897,25.278194,21.979885,27.244787,45.018997
2024-11-18,MAIN_TEST,44.203,30.311546,40.88762,38.956326,33.720676,31.044182,33.93239,33.696
2024-11-19,MAIN_TEST,17.952005,22.535955,20.632294,26.579376,19.695175,15.61031,25.163725,44.203
2024-11-20,MAIN_TEST,25.992008,23.073677,14.43281,24.723701,22.10517,18.443245,19.686172,17.952005
2024-11-21,MAIN_TEST,7.1750016,12.68394,15.57748,15.5103855,14.459505,10.375212,23.160208,25.992008
2024-11-22,MAIN_TEST,7.609,7.22051,10.124298,9.486095,10.065682,6.508855,17.756151,7.1750016
2024-11-23,MAIN_TEST,45.917995,30.059027,38.37217,37.850143,31.968523,26.509445,38.600338,7.609
2024-11-24,MAIN_TEST,47.371002,41.45655,42.950684,47.037632,44.288734,39.766533,37.974167,45.917995
2024-11-25,MAIN_TEST,46.353004,41.63333,44.154465,47.604736,43.01043,40.26603,37.280495,47.371002
2024-11-26,MAIN_TEST,22.525997,26.6624,24.467653,27.179873,28.427895,25.512114,28.229986,46.353004
2024-11-27,MAIN_TEST,36.847004,34.75529,38.52987,42.711964,35.15215,33.513115,34.702797,22.525997
2024-11-28,MAIN_TEST,36.232002,24.16296,17.859121,23.965229,27.462923,25.156418,31.931131,36.847004
2024-11-29,MAIN_TEST,13.367003,6.165717,4.7494597,4.9301167,9.032891,5.922299,13.510121,36.232002
2024-11-30,MAIN_TEST,9.334,6.8257833,5.540121,5.0507283,10.289913,6.6557803,14.8969555,13.367003
2024-12-01,MAIN_TEST,3.8810008,20.895092,10.754383,18.655073,19.58178,16.32542,17.1362,9.334
2024-12-02,MAIN_TEST,27.999998,19.164452,12.21029,14.509152,21.186743,17.127954,22.382456,3.8810008
2024-12-03,MAIN_TEST,25.324001,22.4421,17.339678,19.03653,23.843418,19.445024,31.671064,27.999998
2024-12-04,MAIN_TEST,17.587002,15.948178,15.86261,14.470334,18.473938,14.0056305,29.49239,25.324001
2024-12-05,MAIN_TEST,6.4140015,4.624365,4.069704,4.7996674,7.466248,5.4804635,11.702773,17.587002
2024-12-06,MAIN_TEST,11.495001,9.957231,13.691583,10.083177,13.397872,9.732021,24.665068,6.4140015
2024-12-07,MAIN_TEST,18.485,8.852781,8.867794,8.550017,12.005415,8.020412,20.0416,11.495001
2024-12-08,MAIN_TEST,9.507,7.4859977,8.245298,6.832795,9.628843,6.896888,13.792551,18.485
2024-12-09,MAIN_TEST,10.104004,10.030326,11.663689,9.761521,12.831701,8.54361,21.323343,9.507
2024-12-10,MAIN_TEST,12.748002,9.888366,13.707245,10.670867,12.729128,8.386912,23.823502,10.104004
2024-12-11,MAIN_TEST,19.292,24.05985,20.827162,26.40894,25.028957,20.301537,29.452925,12.748002
2024-12-12,MAIN_TEST,42.154995,30.527637,31.858858,33.15913,32.352707,28.729277,31.890518,19.292
2024-12-13,MAIN_TEST,40.891,37.18255,37.10878,40.075977,35.891457,35.911095,35.825146,42.154995
2024-12-14,MAIN_TEST,4.0610003,8.053433,6.1732965,5.6552577,10.33647,7.9454536,13.792551,40.891
2024-12-15,MAIN_TEST,12.163005,18.236408,9.928041,18.22008,19.65797,17.162867,21.639606,4.0610003
2024-12-16,MAIN_TEST,43.972,45.205246,45.063545,46.05078,43.10417,45.315365,36.432343,12.163005
2024-12-17,MAIN_TEST,41.345997,44.109486,42.84964,44.348152,41.678345,43.39831,35.016827,43.972
2024-12-18,MAIN_TEST,42.345997,41.5389,45.964005,44.70319,39.526333,40.856194,35.7579,41.345997
2024-12-19,MAIN_TEST,37.359005,30.99569,38.843212,35.440315,30.7312,31.260723,32.796764,42.345997
2024-12-20,MAIN_TEST,4.8290005,6.072656,5.990469,4.4702578,9.401489,7.794421,10.8668585,37.359005
2024-12-21,MAIN_TEST,32.621,26.021498,30.507538,33.43614,23.50421,23.373749,29.768661,4.8290005
2024-12-22,MAIN_TEST,13.255001,11.147736,15.040036,10.958536,17.036541,13.9026785,24.056686,32.621
2024-12-23,MAIN_TEST,2.0379999,4.5755215,2.393487,2.1124742,7.1687045,5.9970055,4.5975156,13.255001
2024-12-24,MAIN_TEST,9.667999,17.076742,23.297245,16.442083,19.27915,17.768902,23.87557,2.0379999
2024-12-25,MAIN_TEST,23.135998,31.265238,29.22993,35.52317,25.960545,29.822453,25.523943,9.667999
2024-12-26,MAIN_TEST,17.342,19.803474,23.738716,18.99064,20.791897,22.339767,27.29391,23.135998
2024-12-27,MAIN_TEST,23.036999,27.169273,34.021248,30.026722,28.59045,30.813276,37.225506,17.342
2024-12-28,MAIN_TEST,43.892,39.72973,47.713726,44.25251,38.19439,40.08336,40.572823,23.036999
2024-12-29,MAIN_TEST,40.26,37.693867,44.649086,41.61594,36.802654,37.51329,37.399193,43.892
2024-12-30,MAIN_TEST,42.829998,36.815723,38.99022,41.26742,35.79749,36.828484,35.66082,40.26
2024-12-31,MAIN_TEST,41.906002,38.618702,41.60796,43.69055,38.527954,39.168633,35.917023,42.829998
2025-01-01,MAIN_TEST,42.216,36.89558,40.513023,43.46684,36.677116,38.27473,32.360855,41.906002
2025-01-02,MAIN_TEST,35.117996,27.483547,30.536968,33.22347,29.536995,30.49187,29.861076,42.216
2025-01-03,MAIN_TEST,25.929,15.05946,19.957787,23.193592,20.754128,16.917902,23.970318,35.117996
2025-01-04,MAIN_TEST,5.689001,15.204787,20.102776,23.254887,22.586445,18.453613,25.431396,25.929
2025-01-05,MAIN_TEST,32.874004,30.273666,33.43392,40.424713,32.90609,33.682106,27.639761,5.689001
2025-01-06,MAIN_TEST,9.251999,7.9142437,7.796879,9.292177,16.056412,11.095259,18.503668,32.874004
2025-01-07,MAIN_TEST,7.4190016,4.851864,6.903844,4.6183887,10.707249,7.4769206,11.49346,9.251999
2025-01-08,MAIN_TEST,20.077002,7.480612,7.6967225,7.744131,14.234226,10.420347,14.888127,7.4190016
2025-01-10,MAIN_TEST,17.715,13.542281,12.032516,13.175245,19.987928,16.640831,23.964176,20.077002
2025-01-11,MAIN_TEST,5.7870016,9.205249,7.3539643,7.661681,16.834717,13.459139,16.852549,17.715
2025-01-12,MAIN_TEST,3.3800006,6.278134,3.8459802,4.6852846,11.044859,8.573244,11.49346,5.7870016
2025-01-13,MAIN_TEST,7.4190016,6.094237,4.9127636,3.9124687,10.058071,8.236366,10.01043,3.3800006
2025-01-14,MAIN_TEST,8.344001,7.6687284,6.8274236,4.431593,11.609801,8.841318,9.268921,7.4190016
2025-01-15,MAIN_TEST,43.885,22.790062,23.438135,24.790916,25.387568,21.667276,25.151152,8.344001
2025-01-16,MAIN_TEST,20.118002,15.219463,14.434046,13.30682,16.462345,13.884349,15.430021,43.885
2025-01-17,MAIN_TEST,10.876999,24.74532,32.60443,31.032755,27.974966,25.014322,28.817314,20.118002
2025-01-18,MAIN_TEST,43.376003,43.383686,46.037132,51.71033,40.92238,42.870346,35.832718,10.876999
2025-01-19,MAIN_TEST,41.233,46.69264,50.866592,48.205086,43.451378,47.250145,37.574993,43.376003
2025-01-20,MAIN_TEST,18.672,26.927092,29.747822,27.77738,23.84898,25.740316,26.964085,41.233
2025-01-21,MAIN_TEST,12.952002,5.2253385,6.626504,5.5450463,9.836378,7.871242,16.684057,18.672
2025-01-22,MAIN_TEST,41.506,27.622263,36.313206,34.50352,26.396801,25.905468,29.880936,12.952002
2025-01-23,MAIN_TEST,16.436003,10.746945,9.375794,9.425572,13.300558,12.298364,18.947575,41.506
2025-01-24,MAIN_TEST,16.082,19.253353,24.864037,17.03046,20.614847,20.936611,24.074623,16.436003
2025-01-25,MAIN_TEST,46.320004,47.04068,50.71547,48.272636,44.545822,50.16554,37.399307,16.082
2025-01-26,MAIN_TEST,24.286,26.297474,28.59888,27.551834,25.96457,27.994038,28.001637,46.320004
2025-01-27,MAIN_TEST,40.15599,35.174747,42.36683,39.887367,32.88935,38.63439,35.64073,24.286
2025-01-28,MAIN_TEST,27.506998,15.060486,20.867062,18.521084,19.095375,20.489159,34.48039,40.15599
2025-01-29,MAIN_TEST,11.275999,2.8654208,5.7175503,6.0750933,7.9138846,5.9058294,15.201029,27.506998
2025-01-30,MAIN_TEST,14.650999,7.1931305,14.829396,12.963201,13.334335,10.099936,28.548277,11.275999
2025-01-31,MAIN_TEST,46.664005,30.303955,36.5481,32.786804,30.946342,31.254395,32.463425,14.650999
2025-02-01,MAIN_TEST,41.149,40.744358,33.577087,42.13916,36.96145,40.63777,32.77432,46.664005
2025-02-02,MAIN_TEST,19.734003,11.512441,15.464626,17.080013,18.471237,13.495139,29.355736,41.149
2025-02-03,MAIN_TEST,25.894001,7.678632,12.503137,13.441572,14.657464,10.696342,25.39209,19.734003
2025-02-04,MAIN_TEST,42.161003,25.528395,34.068047,23.936134,27.06781,24.357685,29.557083,25.894001
2025-02-05,MAIN_TEST,50.259995,42.204205,45.15285,41.728783,38.6197,41.533634,39.28879,42.161003
2025-02-06,MAIN_TEST,50.310997,49.987076,47.742676,52.002068,48.201534,50.698826,40.513275,50.259995
2025-02-07,MAIN_TEST,49.199,47.732265,49.002304,48.825584,47.466797,48.137596,42.471497,50.310997
2025-02-08,MAIN_TEST,53.014,42.241405,47.4431,45.87664,43.190964,42.84752,42.85069,49.199
2025-02-09,MAIN_TEST,49.367004,37.35362,39.87158,41.30904,39.03595,36.44005,41.846714,53.014
2025-02-10,MAIN_TEST,41.699005,42.142536,40.464287,46.665253,44.031654,42.635532,43.34243,49.367004
2025-02-11,MAIN_TEST,17.249002,18.919962,19.110838,20.42527,22.474092,17.9608,33.052525,41.699005
2025-02-12,MAIN_TEST,7.379999,10.7950115,10.098175,8.447397,11.34,9.245159,15.750881,17.249002
2025-02-13,MAIN_TEST,5.396001,8.549404,8.322989,7.053555,9.698732,8.659933,14.32374,7.379999
2025-02-14,MAIN_TEST,5.2489996,8.254537,9.957497,7.224145,9.082315,7.835138,12.696043,5.396001
2025-02-15,MAIN_TEST,32.541996,14.896977,19.732164,16.66319,16.987255,15.347746,25.717627,5.2489996
2025-02-16,MAIN_TEST,5.4519997,14.835507,18.848742,15.222044,12.92343,12.532387,20.834534,32.541996
2025-02-17,MAIN_TEST,40.351,41.62131,41.55583,50.09587,38.488552,43.4719,39.912434,5.4519997
2025-02-18,MAIN_TEST,40.922,46.398354,44.822914,51.927223,39.224228,43.200165,42.528423,40.351
2025-02-20,MAIN_TEST,44.317,45.949654,41.99746,52.691757,45.996677,44.316364,40.95976,40.922
2025-02-21,MAIN_TEST,54.115993,45.53298,42.223396,53.932003,46.987343,45.79264,41.859276,44.317
2025-02-22,MAIN_TEST,52.867996,38.664474,31.686724,44.709824,37.86901,36.135387,34.722507,54.115993
2025-02-23,MAIN_TEST,18.997002,29.694477,32.993084,32.893837,30.829891,28.271925,38.695316,52.867996
2025-02-24,MAIN_TEST,16.377003,11.57347,8.049493,7.502823,10.554516,9.010234,13.998199,18.997002
2025-02-25,MAIN_TEST,27.701998,16.097994,12.357694,15.461785,16.290724,13.461276,23.78338,16.377003
2025-02-26,MAIN_TEST,34.892,24.782803,36.66639,27.323185,24.95337,22.809734,35.59434,27.701998
2025-02-27,MAIN_TEST,10.273,7.1918645,6.7543983,6.226242,8.826833,7.2374806,13.672664,34.892
2025-02-28,MAIN_TEST,49.815002,40.70014,57.30396,38.993076,44.32031,45.768417,41.39077,10.273
2025-03-01,MAIN_TEST,49.197002,50.94934,43.307,44.762955,46.27388,47.2447,32.83137,49.815002
2025-03-02,MAIN_TEST,14.715999,24.293077,24.887571,19.608047,23.841736,20.66513,22.995571,49.197002
2025-03-03,MAIN_TEST,23.178001,28.341162,35.855385,29.252594,29.907322,26.53035,30.651476,14.715999
2025-03-04,MAIN_TEST,58.679996,59.136658,56.08111,63.45213,57.384083,59.49147,47.268555,23.178001
2025-03-05,MAIN_TEST,55.934994,58.854527,55.976574,62.667343,59.06713,57.573757,46.03329,58.679996
2025-03-06,MAIN_TEST,58.727997,58.52726,57.331825,61.876217,59.68055,57.16115,44.548428,55.934994
2025-03-07,MAIN_TEST,56.467987,58.480446,58.08948,60.98604,59.464043,57.566856,44.357132,58.727997
2025-03-08,MAIN_TEST,47.458996,44.153355,46.74913,48.092583,42.279877,41.244865,36.57886,56.467987
2025-03-09,MAIN_TEST,56.932995,58.436897,58.181885,61.20231,62.84391,60.657383,44.211563,47.458996
2025-03-10,MAIN_TEST,51.324997,50.42309,51.968292,57.49874,48.321472,49.99324,41.7809,56.932995
2025-03-11,MAIN_TEST,31.005997,34.25747,38.940945,39.58837,32.044132,37.962776,40.59329,51.324997
2025-03-12,MAIN_TEST,28.883,14.319762,14.485191,19.675535,15.258901,14.36634,27.152351,31.005997
2025-03-13,MAIN_TEST,23.855,23.739006,34.53726,30.518648,26.216164,26.944136,39.27799,28.883
2025-03-17,MAIN_TEST,52.907,50.627678,55.258266,56.417744,44.46728,53.376827,45.994038,23.855
2025-03-18,MAIN_TEST,54.949013,44.049854,49.748657,52.02024,46.02314,43.450706,46.63512,52.907
2025-03-19,MAIN_TEST,63.822006,63.559868,66.850914,69.25255,66.95015,64.53856,52.974335,54.949013
2025-03-20,MAIN_TEST,61.972992,57.97753,64.2528,65.447266,62.221027,61.732178,50.372612,63.822006
2025-03-21,MAIN_TEST,61.930996,60.79257,66.29798,66.77565,64.390656,62.3388,49.799294,61.972992
2025-03-22,MAIN_TEST,43.063,46.073437,52.586006,52.709465,50.302338,50.44358,44.943554,61.930996
2025-03-23,MAIN_TEST,7.616002,25.471708,30.09024,23.027431,21.283194,20.09507,36.295494,43.063
2025-03-24,MAIN_TEST,10.821999,20.7294,13.182199,17.3063,15.630776,15.604722,24.93583,7.616002
2025-03-26,MAIN_TEST,30.456999,31.388657,34.7637,26.051445,21.400358,23.425617,29.337671,10.821999
2025-03-27,MAIN_TEST,5.4920006,18.139341,19.66564,13.286467,11.740811,12.72905,19.008362,30.456999
2025-03-28,MAIN_TEST,31.95,37.006115,43.07747,35.742264,32.929817,36.996925,40.796707,5.4920006
2025-03-29,MAIN_TEST,20.408003,32.329807,35.28814,27.108673,25.465279,27.77464,38.224392,31.95
2025-03-30,MAIN_TEST,42.743996,51.976585,50.293358,54.29618,46.968735,49.956562,41.42757,20.408003
2025-03-31,MAIN_TEST,27.908007,49.61762,45.882168,48.677624,42.62982,45.891594,40.80786,42.743996
2025-04-01,MAIN_TEST,31.744,51.836636,45.67298,55.185047,45.503036,50.45612,41.710487,27.908007
2025-04-02,MAIN_TEST,58.968,57.956135,54.941757,61.87702,54.55066,59.74065,45.465305,31.744
2025-04-03,MAIN_TEST,54.575005,58.375114,58.389442,63.015503,56.393528,57.172775,43.10905,58.968
2025-04-04,MAIN_TEST,56.431007,53.22582,52.479267,58.417915,51.42757,53.281322,43.662846,54.575005
2025-04-05,MAIN_TEST,64.09101,61.145443,58.477383,65.035645,62.488205,63.957317,47.589157,56.431007
2025-04-06,MAIN_TEST,51.630005,53.276676,53.92615,54.48864,53.204723,53.88227,45.518543,64.09101
2025-04-07,MAIN_TEST,66.70999,55.714893,60.197346,60.321213,59.27026,58.039124,50.56889,51.630005
2025-04-08,MAIN_TEST,41.87,32.9284,32.032356,29.704529,28.924046,26.16536,32.2764,66.70999
2025-04-09,MAIN_TEST,63.747,61.933517,71.36647,67.76416,65.38476,65.22475,55.665276,41.87
2025-04-10,MAIN_TEST,62.854992,60.35978,60.822308,65.77352,59.3819,62.47316,51.527554,63.747
2025-04-11,MAIN_TEST,64.203,62.5746,63.263268,69.6966,61.2269,64.79294,54.002235,62.854992
2025-04-12,MAIN_TEST,62.124,62.222595,66.67849,69.51662,64.38551,62.482906,50.551517,64.203
2025-04-13,MAIN_TEST,49.565006,53.311264,48.52457,59.24946,49.20355,52.392624,46.39845,62.124
2025-04-14,MAIN_TEST,26.415998,39.686646,27.105383,38.93756,38.016487,37.161434,40.21465,49.565006
2025-04-15,MAIN_TEST,37.463005,43.082474,28.362778,41.313004,36.283623,37.55478,38.46884,26.415998
2025-04-16,MAIN_TEST,37.299004,49.762875,36.978806,48.071617,47.20405,50.978096,46.078785,37.463005
2025-04-17,MAIN_TEST,26.148998,32.274536,33.445755,32.145515,25.358587,28.04019,34.485886,37.299004
2025-04-18,MAIN_TEST,63.671993,48.781532,56.414715,53.493362,50.575996,52.436455,46.17802,26.148998
2025-04-19,MAIN_TEST,62.88499,64.1873,60.24236,68.58562,63.6847,67.73139,53.48372,63.671993
2025-04-20,MAIN_TEST,59.87101,61.845024,62.815117,66.64104,63.01328,64.802536,50.22556,62.88499
2025-04-21,MAIN_TEST,52.379005,57.53866,58.88747,61.969105,58.294224,59.84109,46.789562,59.87101
2025-04-22,MAIN_TEST,61.94099,58.30754,59.70961,63.16663,57.720882,59.442394,48.043255,52.379005
2025-04-23,MAIN_TEST,60.86601,58.41723,61.969326,64.52373,60.281647,60.85533,47.17993,61.94099
2025-04-24,MAIN_TEST,59.063007,53.158516,52.965137,58.420193,50.321384,54.163822,47.28146,60.86601
2025-04-25,MAIN_TEST,60.161987,51.513153,49.074684,50.441833,44.383163,44.871765,42.901634,59.063007
2025-04-26,MAIN_TEST,28.718,48.89338,41.93137,46.131073,47.031197,46.718254,45.513523,60.161987
2025-04-27,MAIN_TEST,45.079,57.057217,54.801647,60.71675,54.110474,55.003197,46.284004,28.718
2025-04-28,MAIN_TEST,57.583,58.221436,58.910748,62.96931,55.501728,57.351547,49.28454,45.079
2025-04-29,MAIN_TEST,61.39501,62.259987,65.064964,67.18619,60.039764,62.59628,54.14062,57.583
2025-04-30,MAIN_TEST,64.918015,61.316067,65.32511,65.68478,58.898468,62.25821,53.603962,61.39501
2025-05-01,MAIN_TEST,63.664993,60.79911,61.756115,64.02765,57.476864,60.967365,51.87949,64.918015
2025-05-02,MAIN_TEST,51.654995,55.933826,51.660633,59.701115,54.60984,56.11484,48.03046,63.664993
2025-05-03,MAIN_TEST,62.453003,58.454865,61.010464,61.72765,55.881104,58.386894,49.994057,51.654995
2025-05-04,MAIN_TEST,59.357002,58.31665,59.731266,61.938534,56.059525,59.590862,50.509487,62.453003
2025-05-05,MAIN_TEST,53.292,48.71145,48.09592,51.444927,46.27996,47.13546,45.49001,59.357002
2025-05-06,MAIN_TEST,37.465004,49.411854,43.62825,49.65845,37.89885,40.233356,40.15952,53.292
2025-05-07,MAIN_TEST,61.058,61.388466,69.159355,66.46078,60.473377,61.005733,50.56205,37.465004
2025-05-08,MAIN_TEST,55.05099,55.311302,58.106785,59.253906,53.880386,57.278473,48.596535,61.058
2025-05-09,MAIN_TEST,40.306995,49.45306,48.28312,53.0455,40.617813,42.822258,42.208027,55.05099
2025-05-10,MAIN_TEST,63.898987,61.65048,64.87735,64.33943,58.289673,61.249603,52.282753,40.306995
2025-05-11,MAIN_TEST,41.929996,45.015335,35.854324,43.277084,42.029415,42.97153,41.551548,63.898987
2025-05-12,MAIN_TEST,50.482,51.839584,48.984104,50.46883,44.382893,48.244946,46.949303,41.929996
2025-05-13,MAIN_TEST,63.719006,61.545174,63.562946,67.38149,61.12485,63.6653,51.9767,50.482
2025-05-14,MAIN_TEST,63.183002,57.344204,57.724102,61.120872,58.41794,61.233368,48.91215,63.719006
2025-05-15,MAIN_TEST,31.438997,41.07849,34.232964,32.22787,35.03171,34.249416,38.402462,63.183002
2025-05-16,MAIN_TEST,13.436005,13.321423,7.3475356,9.865957,10.237691,10.748747,17.08272,31.438997
2025-05-17,MAIN_TEST,49.034004,56.249126,47.800247,53.81138,53.136505,55.2074,49.364933,13.436005
2025-05-18,MAIN_TEST,65.25902,65.14036,70.320564,70.190094,66.102745,66.74003,54.530388,49.034004
2025-05-19,MAIN_TEST,57.870987,58.560425,63.13136,64.655014,57.50032,60.255356,48.70589,65.25902
2025-05-20,MAIN_TEST,60.977,61.806347,67.24333,66.50557,62.873417,64.19921,51.44451,57.870987
2025-05-21,MAIN_TEST,40.910995,53.82214,54.6357,57.50802,49.7771,51.71745,45.78184,60.977
2025-05-22,MAIN_TEST,56.42101,54.70262,59.50004,57.474464,51.63041,53.412903,47.33723,40.910995
2025-05-24,MAIN_TEST,54.78901,60.1904,66.09516,64.277115,60.6945,61.769253,50.528015,56.42101
2025-05-25,MAIN_TEST,44.83,52.22734,53.90575,51.938595,50.864456,52.426865,53.088963,54.78901
2025-05-26,MAIN_TEST,64.57801,65.59344,72.53825,69.68577,65.288246,63.721752,58.95808,44.83
2025-05-27,MAIN_TEST,60.17701,62.760124,66.97008,66.58677,61.294857,62.722042,54.639812,64.57801
2025-05-28,MAIN_TEST,57.79701,58.908863,63.360878,60.6562,58.474487,59.51472,53.384846,60.17701
2025-05-29,MAIN_TEST,35.395996,40.0704,37.423912,39.971546,35.054363,36.2434,40.034756,57.79701
2025-05-30,MAIN_TEST,54.077007,49.89776,49.482925,47.897114,43.705276,47.874523,47.332756,35.395996
2025-05-31,MAIN_TEST,60.144985,56.660294,57.806206,58.27173,55.360836,56.8645,49.92683,54.077007
2025-06-01,MAIN_TEST,62.796013,59.745197,61.716267,62.406204,56.944984,60.799816,51.47213,60.144985
2025-06-02,MAIN_TEST,62.058,61.896255,65.89429,67.391624,61.62784,63.87086,53.49038,62.796013
2025-06-03,MAIN_TEST,62.43101,61.01138,65.607124,66.57508,61.826866,63.55439,52.470905,62.058
2025-06-04,MAIN_TEST,61.784008,59.851624,63.678932,63.967484,60.708885,62.321556,50.97963,62.43101
2025-06-05,MAIN_TEST,60.656002,59.825687,61.513924,63.247807,60.780106,60.2948,49.253323,61.784008
2025-06-06,MAIN_TEST,59.12599,59.79707,61.644238,63.607502,60.3867,60.859875,49.5459,60.656002
2025-06-07,MAIN_TEST,59.494007,59.06908,60.414135,62.553932,59.46341,60.035748,49.119446,59.12599
2025-06-08,MAIN_TEST,58.74201,59.118023,60.395863,62.570587,58.968,59.32817,49.75193,59.494007
2025-06-09,MAIN_TEST,59.325005,58.40771,57.09017,60.710747,57.29829,57.916313,47.99055,58.74201
2025-06-10,MAIN_TEST,58.381004,57.777103,61.791134,63.259415,56.59923,59.504593,52.252766,59.325005
2025-06-11,MAIN_TEST,59.919006,58.70994,61.41569,62.722057,58.82619,58.528423,51.74068,58.381004
2025-06-12,MAIN_TEST,49.795998,58.3201,60.08504,61.95395,58.086468,57.853474,49.414215,59.919006
2025-06-13,MAIN_TEST,59.24601,58.356827,61.89179,60.20578,58.084183,57.204098,51.083096,49.795998
2025-06-14,MAIN_TEST,58.549007,59.47754,64.311035,62.272884,59.85415,57.405384,52.174805,59.24601
2025-06-15,MAIN_TEST,59.64101,58.89321,63.261856,62.217747,58.067142,57.145927,52.035843,58.549007
2025-06-16,MAIN_TEST,59.729992,58.612675,62.038063,61.352287,57.772762,56.87043,51.40437,59.64101
2025-06-17,MAIN_TEST,57.79799,56.656387,54.23871,56.756565,52.726585,51.53519,44.170837,59.729992
2025-06-18,MAIN_TEST,56.541008,58.89418,57.092136,59.288155,57.114635,56.00973,48.680283,57.79799
2025-06-19,MAIN_TEST,58.963993,59.09971,61.697727,61.333508,56.84822,56.54548,51.39237,56.541008
2025-06-20,MAIN_TEST,58.60901,59.028763,62.381306,61.53987,56.881966,56.76123,52.032837,58.963993
2025-06-21,MAIN_TEST,59.87101,59.26693,61.974583,60.84733,56.189865,55.870308,52.59305,58.60901
2025-06-22,MAIN_TEST,60.27101,59.429314,63.28368,62.17588,57.639317,57.52596,53.74118,59.87101
2025-06-23,MAIN_TEST,60.001007,59.259026,62.716816,62.313786,57.559486,57.846764,52.943665,60.27101
2025-06-24,MAIN_TEST,59.82099,59.175957,61.46863,62.45933,58.987988,58.04487,51.176445,60.001007
2025-06-25,MAIN_TEST,59.255005,58.503025,60.070187,60.94628,57.422794,57.057964,50.341225,59.82099
2025-06-26,MAIN_TEST,58.087,57.68368,58.779594,59.065956,56.75809,56.38001,49.54707,59.255005
2025-06-27,MAIN_TEST,57.554012,56.44544,57.62408,56.820602,53.794518,54.649364,49.531322,58.087
2025-06-28,MAIN_TEST,56.51599,55.711864,55.843254,54.988426,50.82096,52.229942,46.62429,57.554012
2025-06-29,MAIN_TEST,59.342007,58.435703,61.61449,61.075115,56.07479,55.99826,50.823032,56.51599
2025-06-30,MAIN_TEST,60.19399,58.945724,61.639008,61.430504,57.260273,57.30891,52.237915,59.342007
2025-07-01,MAIN_TEST,58.805996,58.644634,60.634163,60.89139,57.47692,57.12971,51.88524,60.19399
2025-07-02,MAIN_TEST,57.973003,57.588085,61.724133,60.23254,54.868393,55.712837,51.243343,58.805996
2025-07-03,MAIN_TEST,59.13101,58.11648,59.826008,60.325996,57.160263,56.37555,50.171078,57.973003
2025-07-04,MAIN_TEST,58.772015,57.72329,59.492332,58.976585,56.962036,56.155163,50.122086,59.13101
2025-07-05,MAIN_TEST,58.87699,57.556164,59.26828,58.818634,57.18731,55.81778,50.413845,58.772015
2025-07-06,MAIN_TEST,58.977005,57.195274,61.794518,58.871544,55.92946,55.223217,51.701363,58.87699
2025-07-07,MAIN_TEST,59.898994,57.300625,60.253574,58.54779,56.046467,55.48053,51.35402,58.977005
2025-07-08,MAIN_TEST,58.57599,57.364265,60.8625,57.383728,55.855858,55.559227,52.300686,59.898994
2025-07-09,MAIN_TEST,61.390995,59.12149,66.927666,60.82389,57.175022,57.175907,58.05482,58.57599
2025-07-10,MAIN_TEST,62.734985,60.770798,68.773415,64.038185,60.51317,58.8636,59.182205,61.390995
2025-07-11,MAIN_TEST,60.895016,60.10896,64.767494,62.408165,57.996883,59.12215,54.62802,62.734985
2025-07-12,MAIN_TEST,60.90101,59.346844,61.599056,60.15506,57.175938,58.427006,52.00169,60.895016
2025-07-13,MAIN_TEST,60.251003,59.352425,62.571842,60.906216,57.621647,58.93672,52.94911,60.90101
2025-07-14,MAIN_TEST,59.91099,59.173977,60.058163,60.454132,58.76603,58.390064,51.04852,60.251003
2025-07-15,MAIN_TEST,57.225002,58.12691,59.942104,57.31375,55.10562,56.713573,50.707855,59.91099
2025-07-16,MAIN_TEST,58.011993,57.945595,59.019978,58.49291,56.17217,57.25097,49.66323,57.225002
2025-07-17,MAIN_TEST,59.32299,58.442055,59.743546,59.951874,56.74435,57.781086,50.79082,58.011993
2025-07-18,MAIN_TEST,57.08901,58.765175,60.95472,59.44886,56.270588,57.87938,51.99339,59.32299
2025-07-19,MAIN_TEST,60.633987,59.442886,62.99243,61.8059,58.59713,58.336536,53.503994,57.08901
2025-07-20,MAIN_TEST,58.264008,58.644947,57.622738,59.842125,57.577667,57.760963,48.60092,60.633987
2025-07-21,MAIN_TEST,59.33099,58.217453,57.94101,59.899643,57.524647,57.180542,49.438103,58.264008
2025-07-22,MAIN_TEST,57.954,57.56513,57.715813,58.355164,56.715115,56.445686,48.551605,59.33099
2025-07-23,MAIN_TEST,60.074993,57.70677,61.686607,59.32821,55.844524,56.859974,52.611557,57.954
2025-07-24,MAIN_TEST,60.168987,58.074127,56.994907,61.100624,56.975388,56.26035,50.582417,60.074993
2025-07-25,MAIN_TEST,55.69199,56.59245,58.183437,58.62481,54.720737,55.12831,48.670853,60.168987
2025-07-26,MAIN_TEST,56.27299,55.870148,58.91729,58.478302,53.888786,54.001003,48.250057,55.69199
2025-07-27,MAIN_TEST,57.633,57.42137,59.389847,59.932865,53.52824,55.515553,53.22645,56.27299
2025-07-28,MAIN_TEST,60.49701,58.788776,60.55806,62.095383,57.150284,56.733116,52.467537,57.633
2025-07-29,MAIN_TEST,61.621002,58.66463,61.551556,61.38808,50.57708,54.30238,52.70387,60.49701
2025-07-30,MAIN_TEST,61.556,59.035633,59.14503,62.811897,58.287327,57.49223,51.337296,61.621002
2025-07-31,MAIN_TEST,62.638992,56.36625,57.048195,59.00659,51.502434,53.07408,49.675728,61.556
2025-08-01,MAIN_TEST,61.02099,57.165867,56.679764,58.979233,56.19824,54.956295,47.592575,62.638992
2025-08-02,MAIN_TEST,60.170006,57.75351,59.38389,59.67601,56.843697,55.88691,49.44176,61.02099
2025-08-03,MAIN_TEST,61.812996,59.04697,58.506287,60.912075,59.55652,57.719116,50.43852,60.170006
2025-08-04,MAIN_TEST,61.170994,57.954727,61.227314,58.6871,56.34601,56.041084,52.339565,61.812996
2025-08-05,MAIN_TEST,61.95699,56.93015,59.02971,58.34225,55.85846,54.65722,49.97379,61.170994
2025-08-06,MAIN_TEST,57.941994,56.894997,55.574333,57.245987,54.005722,55.428898,49.039,61.95699
2025-08-07,MAIN_TEST,57.744995,58.26056,58.961823,58.39714,57.23314,57.056274,47.7592,57.941994
2025-08-08,MAIN_TEST,58.05599,58.850758,58.359688,60.191406,58.107967,57.025833,48.69245,57.744995
2025-08-09,MAIN_TEST,59.60401,59.384636,59.38651,62.079636,58.784527,57.415997,49.370728,58.05599
2025-08-10,MAIN_TEST,59.824005,58.979637,57.65358,61.614365,58.08224,56.898914,47.48507,59.60401
2025-08-11,MAIN_TEST,59.650986,58.559402,57.065163,60.69715,57.52378,56.447468,47.676632,59.824005
2025-08-12,MAIN_TEST,54.725998,57.95754,56.514866,59.60215,56.57199,55.456753,46.302147,59.650986
2025-08-13,MAIN_TEST,58.410995,57.556553,55.68891,58.844803,56.09458,55.25663,48.427826,54.725998
2025-08-14,MAIN_TEST,45.807003,54.51703,43.992943,50.184303,48.3646,48.734207,43.32713,58.410995
2025-08-15,MAIN_TEST,52.08101,56.455933,50.5909,53.60356,50.8513,51.67025,47.5284,45.807003
2025-08-16,MAIN_TEST,56.196003,55.515366,45.72944,49.71068,49.334824,51.516758,44.794716,52.08101
2025-08-17,MAIN_TEST,58.75101,57.231915,51.249577,55.567833,53.251396,54.694016,45.835644,56.196003
2025-08-18,MAIN_TEST,58.78099,54.676357,40.885265,47.8085,48.13612,49.485332,41.755375,58.75101
2025-08-20,MAIN_TEST,57.46599,59.226536,59.262875,61.28072,58.213783,58.236008,48.678436,58.78099
2025-08-21,MAIN_TEST,57.464012,58.1537,58.688934,59.372314,56.042225,56.52633,48.078274,57.46599
2025-08-22,MAIN_TEST,51.167995,48.356384,40.829956,45.78273,41.984013,41.6966,39.73237,57.464012
2025-08-23,MAIN_TEST,58.750015,57.306908,60.347958,59.854362,56.565845,56.06241,47.65171,51.167995
2025-08-25,MAIN_TEST,59.007988,59.413208,63.41313,62.42823,59.696064,59.56345,50.944595,58.750015
2025-08-26,MAIN_TEST,39.871002,55.701508,55.997036,56.961143,52.44093,51.856445,42.471447,59.007988
2025-08-27,MAIN_TEST,59.883,58.494286,60.927902,61.745995,56.71941,57.8225,49.153763,39.871002
2025-08-28,MAIN_TEST,59.816,58.765087,56.847725,61.96308,58.286674,58.499763,47.98798,59.883
2025-08-29,MAIN_TEST,57.592,58.357224,57.267105,62.31172,58.20633,57.731327,47.75949,59.816
2025-08-30,PRED_TEST,45.621998,50.994976,40.84045,46.270042,44.58383,45.988846,41.37887,45.621998
2025-08-31,PRED_TEST,61.03001,54.255463,58.25638,59.185905,47.079994,49.625706,52.04131,45.621998
2025-09-01,PRED_TEST,61.054005,57.74771,65.51207,63.374474,60.177067,58.015198,54.96358,61.03001
2025-09-02,PRED_TEST,60.324997,58.184906,65.36352,62.965584,60.521645,58.187305,55.294975,61.054005
2025-09-04,PRED_TEST,48.761997,56.343246,57.277275,58.87127,57.456818,54.83015,48.78132,60.324997
2025-09-05,PRED_TEST,54.349,55.195583,58.378227,56.264885,54.384056,54.10727,49.92424,48.761997
2025-09-06,PRED_TEST,55.768005,55.101234,57.684242,56.563812,54.337753,54.546207,49.624744,54.349
2025-09-07,PRED_TEST,55.486996,40.30367,31.534164,35.582005,39.054035,39.040745,44.468388,55.768005
2025-09-08,PRED_TEST,54.308,16.102793,15.862655,21.985678,15.134435,13.754743,29.896349,55.486996
2025-09-09,PRED_TEST,59.178997,57.324036,58.106277,58.00389,62.83493,61.05063,49.11032,54.308
2025-09-10,PRED_TEST,55.949005,58.206387,60.02082,63.388596,63.56695,59.631035,49.21676,59.178997
2025-09-11,PRED_TEST,25.247,52.113808,45.94533,55.22218,58.606052,55.162098,48.240925,55.949005
2025-09-12,PRED_TEST,57.818012,45.596283,36.54142,44.408325,48.99987,45.32998,46.304264,25.247
2025-09-13,PRED_TEST,57.032,42.42397,38.196068,40.68592,46.564865,41.68439,40.307167,57.818012
2025-09-14,PRED_TEST,53.86199,56.508503,57.573757,60.998104,62.16742,57.825726,47.848377,57.032
2025-09-15,PRED_TEST,57.818993,57.22056,63.273563,61.925797,59.223896,57.170692,52.417587,53.86199
2025-09-16,PRED_TEST,56.825993,57.505283,60.763786,61.27394,63.081047,58.11166,48.447403,57.818993
2025-09-17,PRED_TEST,52.489,54.057,57.037952,57.93257,57.897717,55.43105,48.44515,56.825993
2025-09-18,PRED_TEST,58.777,56.3877,57.95217,59.7377,61.417717,56.744736,46.333015,52.489
2025-09-19,PRED_TEST,59.26101,56.579956,59.19246,60.863693,61.69683,56.95955,46.796814,58.777
2025-09-20,PRED_TEST,57.71601,57.450798,60.688705,62.221703,62.728455,58.17173,48.237778,59.26101
2025-09-21,PRED_TEST,57.80901,56.808487,60.4494,61.51944,61.743427,57.172134,47.837963,57.71601
2025-09-22,PRED_TEST,57.409004,56.315365,60.24709,60.59498,59.796402,55.816128,46.910152,57.80901
2025-09-23,PRED_TEST,56.77101,54.954025,58.210735,57.907562,54.490326,51.66406,46.90316,57.409004
2025-09-24,PRED_TEST,51.428997,54.18779,55.302063,57.46461,54.3157,50.284065,46.699215,56.77101
2025-09-25,PRED_TEST,54.056,53.61195,55.43124,54.789192,53.658142,51.2784,45.692905,51.428997
2025-09-26,PRED_TEST,43.306,46.580086,46.424816,44.257607,45.43707,43.699966,42.715668,54.056
2025-09-27,PRED_TEST,36.168003,25.100323,22.732933,23.511086,22.679482,19.672592,38.134865,43.306
2025-09-29,PRED_TEST,49.15,37.263283,32.07857,32.477463,34.931522,33.367702,42.539047,36.168003
2025-09-30,PRED_TEST,56.765995,51.98928,56.912582,57.078957,54.45049,50.406666,49.12749,49.15
2025-10-01,PRED_TEST,36.443005,48.154446,51.615517,47.472015,39.201954,39.61424,46.151253,56.765995
2025-10-02,PRED_TEST,12.679999,12.323715,3.3091989,6.732288,12.319474,11.325233,8.688647,36.443005
2025-10-03,PRED_TEST,24.652,39.36757,54.128166,42.42408,31.121492,29.00493,54.08678,12.679999
2025-10-04,PRED_TEST,52.865,55.60693,69.34628,60.90942,57.67624,52.90308,55.128044,24.652
2025-10-05,PRED_TEST,35.026,54.27707,64.70675,60.78264,57.555298,53.20519,53.71119,52.865
2025-10-06,PRED_TEST,41.244995,51.952934,61.130688,57.47863,54.9954,51.1625,51.684807,35.026
2025-10-07,PRED_TEST,33.676994,46.314373,58.3022,51.653893,45.088547,45.09993,56.78972,41.244995
2025-10-08,PRED_TEST,40.854,51.691223,63.51454,58.23133,53.62049,51.80738,54.796864,33.676994
2025-10-09,PRED_TEST,47.196003,51.733654,63.69087,57.179146,54.86131,51.124023,51.298744,40.854
2025-10-10,PRED_TEST,48.167,43.394924,44.52694,44.48006,44.592777,43.249855,49.765575,47.196003
2025-10-11,PRED_TEST,52.813004,50.941254,59.826675,55.938297,54.432777,49.52909,49.597363,48.167
2025-10-12,PRED_TEST,54.269005,49.991756,55.681015,55.276554,52.67477,48.465294,49.443947,52.813004
2025-10-13,PRED_TEST,40.732,17.940266,20.10573,19.001322,16.291704,14.472964,35.16249,54.269005
2025-10-14,PRED_TEST,52.67101,49.99469,58.48881,53.50856,52.031815,50.253178,47.945396,40.732
2025-10-15,PRED_TEST,44.730003,28.160683,29.16684,24.394314,37.136303,32.45836,45.34972,52.67101
2025-10-16,PRED_TEST,7.9330025,12.941607,9.0716305,11.416256,13.046049,10.1458845,20.49598,44.730003
2025-10-17,PRED_TEST,14.859,25.95841,16.636225,20.411884,21.13012,19.21607,28.339949,7.9330025
2025-10-18,PRED_TEST,33.565998,49.919216,53.24916,52.392773,55.27431,50.04937,45.767746,14.859
2025-10-19,PRED_TEST,34.024002,26.571312,21.067495,29.313385,30.378902,26.842274,32.83426,33.565998
2025-10-20,PRED_TEST,49.033,42.022606,48.392513,47.727158,47.200886,44.033188,40.881218,34.024002
2025-10-21,PRED_TEST,26.458,31.73133,28.763502,30.233322,24.013548,23.307373,34.538,49.033
2025-10-22,PRED_TEST,26.290005,7.9086456,5.2706537,5.6456594,9.372621,7.336076,10.246148,26.458
2025-10-23,PRED_TEST,38.414,47.73058,52.67463,54.2157,50.058315,47.66221,45.990803,26.290005
2025-10-24,PRED_TEST,45.835995,45.957935,50.612137,51.784557,50.0677,47.26608,42.164272,38.414
2025-10-25,PRED_TEST,48.425003,44.928318,48.91873,52.668068,48.746826,46.39305,44.098522,45.835995
2025-10-26,PRED_TEST,17.801,25.190971,18.11725,26.425407,20.575645,18.262068,23.66906,48.425003
2025-10-27,PRED_TEST,29.355,43.76876,52.94377,53.84652,36.0643,33.282215,42.937523,17.801
2025-10-28,PRED_TEST,37.266,33.21913,38.191063,40.27864,36.33534,31.657848,37.83909,29.355
2025-10-29,PRED_TEST,49.883003,49.469795,54.594646,54.91652,50.808643,45.652363,45.95085,37.266
2025-10-30,PRED_TEST,42.499,42.755733,45.479126,47.275154,44.976635,40.70075,42.247906,49.883003
2025-10-31,PRED_TEST,15.057001,17.132607,16.907858,17.861176,16.055008,14.4505625,31.227036,42.499
2025-11-01,PRED_TEST,38.64,25.887072,35.94856,22.554272,27.479948,27.446302,41.040955,15.057001
2025-11-02,PRED_TEST,45.982002,41.103058,46.34635,45.0499,40.559875,41.357117,39.07748,38.64
2025-11-03,PRED_TEST,18.399002,23.285938,24.23189,29.89291,27.482807,26.578964,39.046253,45.982002
2025-11-04,PRED_TEST,22.82,21.813229,23.317348,24.524189,19.285034,20.006842,27.876219,18.399002
2025-11-05,PRED_TEST,44.230003,41.14559,47.896515,51.51397,36.630413,35.86046,41.57264,22.82
2025-11-06,PRED_TEST,47.500004,45.371452,52.31256,50.588768,45.920692,46.70508,42.54848,44.230003
2025-11-07,PRED_TEST,38.431004,20.230267,25.530563,23.937609,22.708626,23.861609,38.75589,47.500004
2025-11-09,PRED_TEST,19.859001,10.768084,22.600204,18.936098,10.9836035,9.961485,38.096596,38.431004
2025-11-10,PRED_TEST,18.198004,19.156729,18.462465,20.038696,16.25624,14.696257,25.591158,19.859001
2025-11-11,PRED_TEST,46.885002,44.34211,48.840458,49.964935,47.153103,45.463303,42.146164,18.198004
2025-11-12,PRED_TEST,46.137,42.23047,45.791016,48.125862,42.913048,43.74907,40.76597,46.885002
2025-11-13,PRED_TEST,46.33,45.978157,47.266262,50.19967,45.986572,46.01908,41.441917,46.137
2025-11-14,PRED_TEST,46.463997,45.523087,46.041573,49.739834,44.825775,44.66938,41.24317,46.33
2025-11-15,PRED_TEST,39.462006,43.28424,46.44783,47.466625,40.01438,41.40318,39.097668,46.463997
2025-11-16,PRED_TEST,40.636,37.38343,44.197308,38.49233,38.883442,36.455585,40.579422,39.462006
2025-11-17,PRED_TEST,17.506002,15.884411,26.34346,15.0342865,18.305763,16.50544,32.086105,40.636
2025-11-18,PRED_TEST,7.973,12.757865,11.814993,12.640035,13.5028515,11.752062,21.616186,17.506002
2025-11-19,PRED_TEST,0.36200005,11.188359,0.0,5.253084,12.593889,10.552757,0.77200973,7.973
2025-11-20,PRED_TEST,14.359,19.96246,21.689083,21.032713,18.168129,14.001424,27.589252,0.36200005
2025-11-21,PRED_TEST,1.7730004,6.670188,6.759388,6.8066463,9.60047,6.764753,15.826138,14.359
2025-11-22,PRED_TEST,15.598999,15.123053,12.803478,14.317257,14.675008,9.949799,20.857796,1.7730004
2025-11-23,PRED_TEST,20.441998,15.676258,12.159999,14.295179,16.007553,10.515837,20.844185,15.598999
2025-11-25,PRED_TEST,11.102003,8.942716,3.123426,5.1024647,10.566378,8.112131,8.10607,20.441998
2025-11-26,PRED_TEST,5.41,7.5292587,0.80190474,3.2775807,9.60749,7.374666,3.8600345,11.102003
2025-11-27,PRED_TEST,6.320001,6.1076736,3.2350187,4.124496,9.235625,6.4559026,10.036087,5.41
2025-11-29,PRED_TEST,21.078,10.291954,6.5337863,6.6959157,12.427349,8.685491,15.994048,6.320001
2025-11-30,PRED_TEST,15.073,23.786148,22.897884,21.748611,21.10365,16.090878,29.287365,21.078
2025-12-01,PRED_TEST,41.171,36.874733,39.23865,34.135303,36.883965,28.558966,40.194794,15.073
2025-12-02,PRED_TEST,8.027,23.678251,19.455425,16.721342,23.285927,17.677477,30.031427,41.171
2025-12-03,PRED_TEST,11.3200035,16.5531,17.272003,8.619038,15.694124,14.064516,31.682343,8.027
2025-12-04,PRED_TEST,6.8860016,8.740932,0.6778361,2.3248782,10.338476,7.607116,5.0154734,11.3200035
2025-12-05,PRED_TEST,2.4020002,15.219482,9.894488,9.157831,15.597819,11.856313,21.315762,6.8860016
2025-12-06,PRED_TEST,6.8950014,14.298475,8.9850645,8.303379,14.772755,11.072718,19.815056,2.4020002
2025-12-07,PRED_TEST,37.195995,20.852755,19.18975,16.816563,24.995419,21.43786,30.973425,6.8950014
2025-12-08,PRED_TEST,40.599995,41.480812,39.674183,43.16341,38.15979,38.14238,37.017414,37.195995
2025-12-09,PRED_TEST,41.130997,43.053043,38.340878,43.577225,39.654163,39.73609,35.23564,40.599995
2025-12-10,PRED_TEST,41.766006,40.041203,40.067776,40.81729,39.884228,38.046658,38.381573,41.130997
2025-12-11,PRED_TEST,40.991,42.593937,41.34735,44.366417,40.99754,40.870605,36.519535,41.766006
2025-12-14,PRED_TEST,35.272995,40.740646,40.36238,43.99315,38.211025,38.968678,36.512096,40.991
2025-12-15,PRED_TEST,42.127,43.33419,42.72136,45.3043,40.332325,41.669434,38.05796,35.272995
2025-12-16,PRED_TEST,10.121002,23.39608,24.666847,22.435276,26.391712,25.809708,32.180653,42.127
2025-12-17,PRED_TEST,39.8,30.66154,36.814598,36.605133,35.41984,33.73438,38.192196,10.121002
2025-12-18,PRED_TEST,23.0,28.24977,24.656166,33.1334,30.530066,28.573063,31.59954,39.8
2025-12-19,PRED_TEST,20.804,16.429777,21.171001,16.674583,20.401373,19.989925,24.571072,23.0
2025-12-20,PRED_TEST,16.840998,15.787577,11.463036,8.708319,14.944053,13.471368,23.993856,20.804
2025-12-21,PRED_TEST,39.341003,15.690813,11.463998,8.365428,15.008055,13.734006,23.995106,16.840998
2025-12-23,PRED_TEST,5.642002,9.693857,6.9601974,4.8742747,13.650479,11.746043,10.030943,39.341003
2025-12-24,PRED_TEST,4.929,7.5819697,6.2541924,6.7561026,11.0770855,8.837105,12.538682,5.642002
2025-12-25,PRED_TEST,19.36,13.152683,14.667393,15.658647,19.513268,16.984241,22.376196,4.929
2025-12-26,PRED_TEST,24.888004,16.003162,11.347457,9.485642,15.575484,14.326264,23.830713,19.36
2025-12-27,PRED_TEST,42.580997,44.156693,43.169685,46.064724,45.217796,46.859077,37.0761,24.888004
2025-12-28,PRED_TEST,38.383003,40.74398,39.29045,46.05269,38.91706,40.986588,36.037933,42.580997
2025-12-29,PRED_TEST,42.997,45.28692,46.598694,50.198227,43.730705,47.340622,41.37766,38.383003
2025-12-30,PRED_TEST,5.698001,13.184322,5.707518,11.600563,17.585835,17.29755,12.120728,42.997
2025-12-31,PRED_TEST,43.991,36.99969,44.65046,47.49894,37.670883,40.951057,40.12379,5.698001
2026-01-01,PRED_TEST,46.215996,47.01741,42.197624,51.991936,47.67894,49.331535,36.58595,43.991
2026-01-02,PRED_TEST,7.2490015,22.297575,12.458942,20.784607,23.531946,22.383919,16.684057,46.215996
2026-01-03,PRED_TEST,3.018,19.86771,16.106556,24.547722,19.032864,18.695202,21.874645,7.2490015
2026-01-04,PRED_TEST,6.7249994,24.921434,31.536453,32.408386,20.703022,21.286041,31.143576,3.018
2026-01-05,PRED_TEST,11.557999,12.958962,11.388846,12.265141,13.525265,11.672611,18.167084,6.7249994
2026-01-06,PRED_TEST,5.718001,15.014689,11.004115,14.209135,15.470602,13.234652,18.167084,11.557999
2026-01-07,PRED_TEST,5.1550007,10.553238,10.917982,10.774464,12.523543,9.742489,21.13314,5.718001
2026-01-08,PRED_TEST,17.842,14.257064,11.850925,14.164156,13.189098,10.327949,22.245413,5.1550007
2026-01-10,PRED_TEST,8.803001,9.484402,1.1576772,4.491669,9.443993,7.9837756,3.3368065,17.842
2026-01-11,PRED_TEST,42.299004,20.198547,14.469519,22.49367,19.649652,14.839948,20.762379,8.803001
2026-01-12,PRED_TEST,46.466995,39.015884,39.912437,41.564384,38.49907,33.419373,39.422062,42.299004
2026-01-13,PRED_TEST,44.31,38.518974,38.49713,41.267883,39.225674,33.577522,39.50149,46.466995
2026-01-14,PRED_TEST,43.132004,38.113853,40.61841,42.791428,36.505566,32.467148,37.26667,44.31
2026-01-15,PRED_TEST,16.953999,15.419729,10.988645,7.27903,13.8866415,11.729695,18.038586,43.132004
2026-01-16,PRED_TEST,12.805002,16.63304,17.919777,8.534734,15.678107,14.100518,32.493275,16.953999
2026-01-17,PRED_TEST,40.094006,39.82378,42.59636,35.451916,36.62367,34.110786,37.820164,12.805002
2026-01-18,PRED_TEST,45.821,40.033287,35.709774,32.651672,37.3283,33.80071,36.165123,40.094006
2026-01-19,PRED_TEST,19.620003,30.182714,18.918419,18.836193,29.350216,25.84724,26.728132,45.821
2026-01-20,PRED_TEST,19.265003,13.7029915,6.9832673,7.29403,15.314537,10.541903,17.054808,19.620003
2026-01-24,PRED_TEST,9.534002,10.006002,10.242392,11.738066,11.874569,9.865731,22.245413,19.265003
2026-01-25,PRED_TEST,32.227005,11.190124,20.498028,20.41747,12.874698,10.590497,35.59266,9.534002
2026-01-26,PRED_TEST,9.71,6.65991,3.9820747,6.384296,9.508313,7.196813,11.122703,32.227005
2026-01-27,PRED_TEST,45.223,19.055262,25.779636,27.397242,18.504225,17.597605,32.997356,9.71
2026-01-28,PRED_TEST,9.834999,17.807758,34.683144,26.223053,18.760698,17.263788,38.929466,45.223
2026-01-29,PRED_TEST,3.0090003,11.308947,0.17946506,6.7303214,12.927166,10.820211,2.595301,9.834999
2026-01-30,PRED_TEST,37.344,28.447721,38.060093,36.182632,27.127323,23.702528,39.98348,3.0090003
2026-01-31,PRED_TEST,46.810997,22.66877,26.831913,27.190649,24.095259,18.797924,36.70876,37.344
2026-02-01,PRED_TEST,22.883001,16.54181,8.788935,16.11878,16.463331,12.786635,18.398506,46.810997
2026-02-02,PRED_TEST,30.750998,20.59711,16.418186,20.464104,19.703331,16.787792,17.629478,22.883001
2026-02-03,PRED_TEST,20.949997,26.264277,21.613508,23.230663,22.875498,19.835201,28.312466,30.750998
2026-02-04,PRED_TEST,17.731003,14.307356,19.57405,14.693407,14.428259,10.482477,30.92626,20.949997
2026-02-05,PRED_TEST,10.396999,17.571547,11.516131,16.877163,16.266024,13.36452,19.532377,17.731003
2026-02-06,PRED_TEST,7.5100007,8.692228,2.4146574,3.260455,9.9454,7.2467637,5.208635,10.396999
2026-02-07,PRED_TEST,36.686,33.45037,31.531946,27.319115,34.53152,29.430643,37.761044,7.5100007
2026-02-08,PRED_TEST,37.202,18.323622,13.053951,13.252546,16.61682,12.4315405,23.680754,36.686
2026-02-09,PRED_TEST,12.537002,10.84462,5.880207,6.766985,11.317516,8.824129,14.32374,37.202
2026-02-10,PRED_TEST,21.167,28.294672,32.437576,32.21104,25.830936,21.392921,41.441128,12.537002
2026-02-11,PRED_TEST,14.944999,18.659632,16.311192,20.359623,17.20597,13.280106,29.624104,21.167
2026-02-12,PRED_TEST,14.114,15.377988,14.083373,16.635277,15.03297,11.408008,27.345327,14.944999
2026-02-14,PRED_TEST,19.434002,5.953785,1.8670707,2.7077503,8.246085,6.731898,4.8830943,14.114
2026-02-15,PRED_TEST,14.533002,26.720222,38.521408,32.25074,26.23116,20.026764,41.343525,19.434002
2026-02-16,PRED_TEST,34.642,30.730398,42.105644,35.64792,28.637402,23.309341,43.293953,14.533002
2026-02-17,PRED_TEST,12.003003,17.043888,9.888283,16.957947,16.857676,13.867565,17.253601,34.642
2026-02-18,PRED_TEST,56.28599,46.06349,61.014454,50.233166,44.615753,41.30899,51.942825,12.003003
2026-02-19,PRED_TEST,27.471998,13.715445,10.662886,9.833424,12.23806,9.784073,18.230213,56.28599
2026-02-20,PRED_TEST,19.960001,30.728802,33.14733,38.57878,29.647224,23.282743,48.264263,27.471998
2026-02-21,PRED_TEST,51.972004,43.15625,50.21321,46.21946,41.119514,38.167465,46.129383,19.960001
2026-02-22,PRED_TEST,55.951992,46.470676,51.49848,44.91217,43.683304,40.752914,46.563065,51.972004
2026-02-23,PRED_TEST,52.626995,45.301544,43.31356,41.99038,44.187256,40.156994,46.941353,55.951992
2026-02-24,PRED_TEST,50.259995,48.210907,44.600616,47.330383,46.386635,42.896164,48.082607,52.626995
2026-02-25,PRED_TEST,55.63201,52.49239,56.449875,56.54493,49.517395,47.372433,48.076145,50.259995
2026-02-26,PRED_TEST,55.52,44.826256,48.701088,40.690056,43.225166,39.5239,46.026886,55.63201
2026-02-27,PRED_TEST,54.46601,51.822468,56.15467,56.163223,50.32425,46.373726,47.595535,55.52
2026-02-28,PRED_TEST,45.281002,35.35972,30.678007,28.057552,35.24656,30.956177,44.12469,54.46601
2026-03-01,PRED_TEST,55.884007,54.431957,55.358444,55.99934,51.10817,48.887146,43.813866,45.281002
2026-03-02,PRED_TEST,53.678005,47.08569,47.36812,44.05848,45.713367,43.138,43.657883,55.884007
2026-03-03,PRED_TEST,41.778996,42.40479,49.95559,39.374695,42.484318,40.45902,43.42337,53.678005
2026-03-04,PRED_TEST,39.865,46.067646,51.496113,49.76448,47.259945,46.392998,41.514297,41.778996
2026-03-05,PRED_TEST,49.165,46.82749,53.21625,52.045105,48.374805,48.5497,42.903145,39.865
2026-03-06,PRED_TEST,34.106,56.39432,55.821194,59.31533,54.038757,52.18383,43.032013,49.165
2026-03-07,PRED_TEST,36.825005,19.831804,26.086193,25.14956,17.30272,16.26182,42.07578,34.106
2026-03-08,PRED_TEST,20.734001,31.126387,50.139404,30.249405,39.913383,41.160355,42.702915,36.825005
